"","","","","","","","","","",r,""
o eb  trL. ,"","","",o l sew ,"","","",o y ,"",e en cekedy,actteirng
Lawrence Town Wards 1 - 3 ," 1,188 ", 96 , 2
Allouez Village Wards 1 & 2 ," 1,145 ", 188 , 2
Allouez Village Wards 3 & 4 ," 1,609 ", 205 , 6
Allouez Village Wards 5 & 6 ," 1,896 ", 180 , 4
Allouez Village Wards 7 - 9 ," 1,437 ", 174 , 0
Ashwaubenon Village Wards 1 & 2 , 830 , 154 , 2
Ashwaubenon Village Wards 3 & 4 ," 1,004 ", 169 , 3
Ashwaubenon Village Wards 5 & 6 ," 1,172 ", 156 , 1
Ashwaubenon Village Wards 7 & 8 ," 1,231 ", 136 , 5
Ashwaubenon Village Ward 9 , 449 , 59 , 0
Ashwaubenon Village Ward 10 , 849 , 113 , 1
Ashwaubenon Village Wards 11 & 12 ," 1,190 ", 163 , 7
Hobart Village Wards 1 - 7 ," 2,379 ", 233 , 4
De Pere City Wards 1 - 3 ," 2,349 ", 237 , 4
De Pere City Wards 4 - 7 ," 2,039 ", 303 , 4
De Pere City Wards 8 - 10 ," 1,656 ", 350 , 9
De Pere City Wards 11 - 14 ," 2,229 ", 281 , 7
Green Bay City Ward 46 , 964 , 111 , 1
Green Bay City Ward 47 , 513 , 85 , 4
Green Bay City Ward 48 ," 1,098 ", 109 , 0
Green Bay City Ward 49 , 852 , 72 , 0
Abrams Town Wards 1 - 4 , 639 , 98 , 0
 tL. ,"",s,"",edreck ,"","",ngir
rebo ,"",le ow ,yo,eye n ,"","",actte
Bagley Town , 128 , 6 , 0
Brazeau Town Wards 1 - 3 , 540 , 59 , 2
Breed Town , 256 , 1 , 0
Gillett Town Wards 1 & 2 , 466 , 22 , 0
How Town Wards 1 - 3 , 237 , 25 , 0
Maple Valley Town Wards 1 & 2 , 279 , 11 , 0
Morgan Town , 389 , 40 , 0
Oconto Falls Town Wards 1 & 2 , 472 , 43 , 0
Spruce Town Wards 1 & 2 , 303 , 34 , 0
Underhill Town , 297 , 13 , 0
Suring Village , 193 , 20 , 1
Gillett City Wards 1 - 4 , 452 , 40 , 0
Oconto Falls City Wards 1 - 5 , 885 , 105 , 0
Black Creek Town Wards 1 & 2 , 426 , 61 , 0
Bovina Town Wards 1 & 2 , 364 , 53 , 0
Cicero Town Wards 1 & 2 , 409 , 57 , 0
Deer Creek Town Wards 1 & 2 , 198 , 19 , 1
Ellington Town Wards 1 - 4 , 929 , 67 , 0
Freedom Town Wards 1 - 7 ," 1,692 ", 181 , 1
Kaukauna Town Wards 1 & 2 , 413 , 57 , 0
Liberty Town , 296 , 115 , 0
Maine Town , 282 , 32 , 0
"","","","","","","","","","",r,""
o eb  trL. ,"","","",o l sew ,"","","",o y ,"",e en cekedy,actteirng
Maple Creek Town , 231 , 43 , 0
Oneida Town Wards 1 - 5 ," 1,121 ", 274 , 0
Osborn Town Wards 1 & 2 , 436 , 56 , 0
Seymour Town Wards 1 & 2 , 466 , 37 , 0
Vandenbroek Town Wards 1 & 2 , 505 , 88 , 0
Bear Creek Village , 102 , 26 , 0
Black Creek Village Wards 1 & 2 , 444 , 63 , 0
Howard Village Ward 17 , 0 , 0 , 0
"Little Chute Village Wards 1, 4, 9 & 10 "," 1,237 ", 185 , 1
"Little Chute Village Wards 2, 8, 12 & 13 ", 292 , 50 , 1
Nichols Village , 78 , 17 , 0
Shiocton Village , 255 , 49 , 0
Wrightstown Village Ward 3 , 29 , 1 , 0
Appleton City Ward 55 , 3 , 0 , 0
Kaukauna City Wards 1 - 3 ," 1,029 ", 230 , 3
Kaukauna City Wards 4 - 6 ," 1,141 ", 206 , 0
Kaukauna City Wards 7 & 8 ," 1,011 ", 193 , 0
Kaukauna City Wards 9 - 12 ," 1,012 ", 184 , 3
Seymour City Wards 1 - 6 ," 1,033 ", 71 , 1
Angelica Town Wards 1 - 3 , 597 , 34 , 0
Belle Plaine Town Wards 1 - 3 , 809 , 93 , 3
Grant Town Wards 1 & 2 , 349 , 12 , 0
"","","","","","","","","","",r,""
o eb  trL. ,"","","",o l sew ,"","","",o y ,"",e en cekedy,actteirng
Green Valley Town Wards 1 & 2 , 328 , 23 , 0
Hartland Town , 327 , 11 , 0
Herman Town Wards 1 & 2 , 297 , 6 , 0
Lessor Town Wards 1 & 2 , 403 , 12 , 0
Maple Grove Town Wards 1 & 2 , 329 , 15 , 0
Morris Town Wards 1 & 2 , 147 , 4 , 0
Navarino Town , 155 , 4 , 0
Pella Town , 319 , 10 , 1
Richmond Town Wards 1 - 3 , 898 , 69 , 2
Seneca Town , 211 , 5 , 0
Washington Town Wards 1 & 2 , 712 , 22 , 0
Waukechon Town Wards 1 & 2 , 346 , 18 , 0
Wescott Town Wards 1 - 5 ," 1,313 ", 174 , 6
Bonduel Village Wards 1 & 2 , 542 , 14 , 0
Bowler Village , 82 , 3 , 0
Cecil Village , 185 , 6 , 0
Gresham Village , 149 , 3 , 0
Shawano City Wards 1 & 2 , 412 , 37 , 2
Shawano City Wards 3 & 4 , 374 , 53 , 0
Shawano City Wards 5 & 6 , 416 , 36 , 1
Shawano City Wards 7 & 8 , 373 , 27 , 0
Shawano City Wards 9 & 10 , 473 , 38 , 0
Shawano City Wards 11 & 12 , 472 , 31 , 0
"","","","","","","","","",re,""
bo e  trL. ,"","","","",les ow ,"","",yo ,e yece kdn ,actinrgte
Matteson Town , 340 , 15 , 0
Embarrass Village , 139 , 7 , 0
"","","","","","",ing
en aro. C,"","",ya l ,"","",acrtte
Glendale City Ward 1 , 519 , 10
Glendale City Wards 6 & 12 , 991 , 8
Milwaukee City Ward 1 , 952 , 9
Milwaukee City Ward 2 , 664 , 2
Milwaukee City Ward 3 , 849 , 2
Milwaukee City Ward 4 , 452 , 3
Milwaukee City Ward 5 , 589 , 2
Milwaukee City Ward 6 , 600 , 5
Milwaukee City Ward 7 , 705 , 2
Milwaukee City Ward 8 , 613 , 3
Milwaukee City Ward 9 , 776 , 5
Milwaukee City Ward 10 , 819 , 8
Milwaukee City Ward 11 , 674 , 4
Milwaukee City Ward 12 , 752 , 7
Milwaukee City Ward 13 , 686 , 4
Milwaukee City Ward 14 , 660 , 3
Milwaukee City Ward 15 ," 1,333 ", 9
Milwaukee City Ward 16 , 803 , 3
Milwaukee City Ward 17 ," 1,342 ", 5
Milwaukee City Ward 18 , 909 , 1
Milwaukee City Ward 19 , 815 , 2
Milwaukee City Ward 20 , 620 , 5
Milwaukee City Ward 21 , 693 , 6
Milwaukee City Ward 22 , 598 , 2
Milwaukee City Ward 23 , 569 , 8
Milwaukee City Ward 24 , 571 , 3
Milwaukee City Ward 25 , 673 , 4
Milwaukee City Ward 26 , 907 , 13
"","","","","","",ing
en aro. C,"","",ya l ,"","",acrtte
Milwaukee City Ward 27 ," 1,041 ", 13
Milwaukee City Ward 28 , 543 , 2
Milwaukee City Ward 41 ," 1,026 ", 11
Milwaukee City Ward 48 , 781 , 12
Milwaukee City Ward 74 , 724 , 3
Milwaukee City Ward 75 , 711 , 6
Milwaukee City Ward 76 , 680 , 20
Milwaukee City Ward 77 , 771 , 8
Milwaukee City Ward 78 , 543 , 3
Milwaukee City Ward 79 , 533 , 4
Milwaukee City Ward 80 , 605 , 10
Milwaukee City Ward 83 , 520 , 5
Milwaukee City Ward 95 , 813 , 10
Milwaukee City Ward 96 , 519 , 8
Milwaukee City Ward 97 , 768 , 2
Milwaukee City Ward 98 , 597 , 1
Milwaukee City Ward 99 , 803 , 4
Milwaukee City Ward 100 , 749 , 2
Milwaukee City Ward 101 , 899 , 6
Milwaukee City Ward 102 , 514 , 10
Milwaukee City Ward 103 , 984 , 18
Milwaukee City Ward 104 , 446 , 5
Milwaukee City Ward 115 ," 1,045 ", 2
Milwaukee City Ward 148 , 678 , 13
Milwaukee City Ward 149 ," 1,115 ", 6
Milwaukee City Ward 151 , 534 , 5
Milwaukee City Ward 152 ," 1,314 ", 17
Milwaukee City Ward 153 , 318 , 2
"","","","","","",ing
en aro. C,"","",ya l ,"","",acrtte
Milwaukee City Ward 154 , 806 , 6
Milwaukee City Ward 155 , 775 , 2
Milwaukee City Ward 156 , 812 , 8
Milwaukee City Ward 157 , 860 , 5
Milwaukee City Ward 158 , 798 , 5
Milwaukee City Ward 159 ," 1,018 ", 7
Milwaukee City Ward 160 , 577 , 3
Milwaukee City Ward 161 , 606 , 5
Milwaukee City Ward 162 , 804 , 3
Milwaukee City Ward 163 , 552 , 4
Milwaukee City Ward 164 , 637 , 3
Milwaukee City Ward 165 , 844 , 2
Milwaukee City Ward 166 , 801 , 1
Milwaukee City Ward 176 , 537 , 5
Milwaukee City Ward 177 , 587 , 3
Milwaukee City Ward 178 , 477 , 1
Milwaukee City Ward 264 ," 1,237 ", 18
Milwaukee City Ward 266 , 526 , 9
Milwaukee City Ward 267 , 989 , 13
Milwaukee City Ward 268 , 593 , 6
Milwaukee City Ward 269 ," 1,130 ", 11
Milwaukee City Ward 270 , 674 , 3
Milwaukee City Ward 271 ," 1,105 ", 13
Milwaukee City Ward 272 , 693 , 5
Milwaukee City Ward 273 ," 1,145 ", 23
Wauwatosa City Ward 23 , 695 , 15
Wauwatosa City Ward 24 , 703 , 9
"",g
.Cirro ,nte
an el ya,act
Milwaukee City Ward 274 , 0 , 0
"","","",gn
epttere cn,"",gosg,riac
Milwaukee City Ward 29 , 633 , 1
Milwaukee City Ward 30 , 761 , 3
Milwaukee City Ward 31 , 868 , 6
Milwaukee City Ward 32 , 813 , 5
Milwaukee City Ward 33 , 911 , 5
Milwaukee City Ward 34 , 542 , 7
Milwaukee City Ward 35 , 811 , 3
Milwaukee City Ward 36 ," 1,100 ", 10
Milwaukee City Ward 60 , 752 , 22
Milwaukee City Ward 61 , 461 , 13
Milwaukee City Ward 62 , 644 , 16
Milwaukee City Ward 65 , 411 , 2
Milwaukee City Ward 66 , 395 , 3
Milwaukee City Ward 67 , 572 , 4
Milwaukee City Ward 68 , 288 , 7
Milwaukee City Ward 69 , 295 , 1
Milwaukee City Ward 70 , 577 , 5
Milwaukee City Ward 71 , 791 , 12
Milwaukee City Ward 72 , 581 , 6
Milwaukee City Ward 73 , 391 , 0
Milwaukee City Ward 81 , 516 , 9
Milwaukee City Ward 82 , 604 , 10
Milwaukee City Ward 84 , 651 , 8
Milwaukee City Ward 105 , 874 , 15
Milwaukee City Ward 106 , 544 , 7
Milwaukee City Ward 107 , 601 , 4
Milwaukee City Ward 108 , 734 , 1
Milwaukee City Ward 109 ," 1,043 ", 5
"","","",gn
epttere cn,"",gosg,riac
Milwaukee City Ward 110 ," 1,108 ", 31
Milwaukee City Ward 111 , 470 , 0
Milwaukee City Ward 112 , 691 , 0
Milwaukee City Ward 113 , 875 , 7
Milwaukee City Ward 114 , 589 , 3
Milwaukee City Ward 116 , 638 , 2
Milwaukee City Ward 117 ," 1,032 ", 4
Milwaukee City Ward 118 , 717 , 8
Milwaukee City Ward 119 , 517 , 4
Milwaukee City Ward 120 , 837 , 9
Milwaukee City Ward 121 , 432 , 5
Milwaukee City Ward 122 , 621 , 4
Milwaukee City Ward 123 , 802 , 4
Milwaukee City Ward 124 , 732 , 8
Milwaukee City Ward 125 , 695 , 8
Milwaukee City Ward 126 , 628 , 15
Milwaukee City Ward 127 , 853 , 3
Milwaukee City Ward 128 ," 1,077 ", 5
Milwaukee City Ward 129 , 735 , 0
Milwaukee City Ward 130 , 622 , 3
Milwaukee City Ward 131 , 427 , 0
Milwaukee City Ward 167 , 697 , 3
Milwaukee City Ward 168 , 826 , 0
Milwaukee City Ward 169 , 828 , 2
Milwaukee City Ward 170 , 969 , 6
Milwaukee City Ward 171 ," 1,119 ", 5
Milwaukee City Ward 172 ," 1,332 ", 2
Milwaukee City Ward 173 , 660 , 2
"","","",gn
epttere cn,"",gosg,riac
Milwaukee City Ward 174 , 555 , 3
Milwaukee City Ward 175 , 442 , 3
Milwaukee City Ward 179 , 798 , 4
Milwaukee City Ward 180 ," 1,065 ", 2
Milwaukee City Ward 181 , 498 , 2
Milwaukee City Ward 275 , 866 , 15
Milwaukee City Ward 276 ," 1,137 ", 19
Milwaukee City Ward 277 , 584 , 10
Milwaukee City Ward 278 , 632 , 12
Milwaukee City Ward 279 , 600 , 5
Milwaukee City Ward 280 , 433 , 12
Milwaukee City Ward 281 , 341 , 5
Milwaukee City Ward 290 , 317 , 5
Milwaukee City Ward 297 , 477 , 2
Milwaukee City Ward 298 , 745 , 1
Milwaukee City Ward 299 , 826 , 4
Milwaukee City Ward 300 , 614 , 3
Milwaukee City Ward 301 , 556 , 4
Milwaukee City Ward 302 , 755 , 5
Milwaukee City Ward 303 , 732 , 4
Milwaukee City Ward 304 , 552 , 1
Milwaukee City Ward 305 , 570 , 7
Milwaukee City Ward 306 , 620 , 3
Milwaukee City Ward 307 , 503 , 2
Milwaukee City Ward 308 , 399 , 2
Milwaukee City Ward 309 , 609 , 4
Milwaukee City Ward 310 , 632 , 2
Milwaukee City Ward 311 , 908 , 17
r ,"",i
ce ,s,grnte
n ep,og g ,cat
Milwaukee City Ward 312 , 783 , 8
Milwaukee City Ward 313 , 647 , 5
Milwaukee City Ward 314 , 574 , 5
"","","","","","","","","","","","",g
r ,"","","","","","","","","","","",""
"","","","","",a ,"","","","","","",i
ifenn e,"",a slero,"","",lbtr e ,"","",ra in gl,"","","",tternca
Bayside Village Wards 1 & 4 , 372 , 364 , 0
Bayside Village Wards 2 & 5 , 562 , 525 , 0
Bayside Village Wards 3 & 7 , 449 , 530 , 2
Brown Deer Village Wards 1 - 9 ," 3,418 "," 3,397 ", 9
Fox Point Village Wards 1 - 4 , 833 ," 1,182 ", 3
Fox Point Village Wards 5 - 9 ," 1,218 "," 1,187 ", 1
River Hills Village Ward 1 , 85 , 116 , 0
River Hills Village Wards 2 & 3 , 310 , 667 , 0
Shorewood Village Wards 1 & 2 , 913 , 492 , 3
Shorewood Village Wards 3 & 4 ," 1,169 ", 669 , 2
Shorewood Village Wards 5 & 6 , 790 , 541 , 2
Shorewood Village Wards 7 & 8 , 914 , 434 , 2
Shorewood Village Wards 9 & 10 , 846 , 439 , 0
Shorewood Village Wards 11 & 12 , 762 , 474 , 2
Whitefish Bay Village Wards 1 & 2 , 533 , 921 , 0
Whitefish Bay Village Wards 3 & 4 , 541 , 718 , 2
Whitefish Bay Village Wards 5 & 6 , 609 , 837 , 1
Whitefish Bay Village Wards 7 & 8 , 714 , 700 , 1
Whitefish Bay Village Ward 9 , 407 , 356 , 1
Whitefish Bay Village Ward 10 , 471 , 438 , 0
Whitefish Bay Village Wards 11 & 12 , 749 , 814 , 1
Glendale City Wards 2 & 8 , 831 , 631 , 1
Glendale City Wards 3 & 9 , 678 , 705 , 2
Glendale City Wards 4 & 10 , 756 , 649 , 0
Glendale City Wards 5 & 11 , 771 , 694 , 2
Glendale City Ward 7 , 235 , 260 , 0
Milwaukee City Ward 38 , 689 , 484 , 4
Milwaukee City Ward 40 ," 1,122 ", 428 , 8
"","","","","","","","",g
r fei ,"","","","","","","",""
"","","",s,"","","","",n
"","","",le ,"","","",g,ir
n en ,"","",a r o ,trae lb ,"","",ra nli,actte
Milwaukee City Ward 147 , 668 , 246 , 0
Milwaukee City Ward 150 , 698 , 147 , 0
Milwaukee City Ward 258 , 751 , 232 , 6
Milwaukee City Ward 259 , 705 , 341 , 2
Milwaukee City Ward 260 , 401 , 47 , 0
Milwaukee City Ward 261 , 761 , 365 , 4
Milwaukee City Ward 263 , 383 , 273 , 0
Milwaukee City Ward 265 , 622 , 232 , 0
"","","","","","",g
r ,"","","","","",""
fei es,"",ta r ,"",g in ,"",erin
e nn,laro,l eb,"",lra,"",catt
Germantown Town,"","",""
"Richfield Town Wards 6, 12 & 13","","",""
Richfield Town Wards 7 & 11,"","",""
Richfield Town Ward 8,"","",""
"Germantown Village Wards 1, 7, 15 - 17","","",""
"Germantown Village Wards 2, 4 - 6","","",""
"Germantown Village Wards 3, 8 - 10 & 18","","",""
Germantown Village Wards 11 - 14,"","",""
Milwaukee City Ward 262,"","",""
Germantown Town , 40 , 123 , 0
"Richfield Town Wards 6, 12 & 13 ", 378 ," 1,080 ", 1
Richfield Town Wards 7 & 11 , 256 , 739 , 0
Richfield Town Ward 8 , 176 , 504 , 0
"Germantown Village Wards 1, 7, 15 - 17 ", 792 ," 2,513 ", 0
"Germantown Village Wards 2, 4 - 6 ", 866 ," 1,700 ", 2
"Germantown Village Wards 3, 8 - 10 & 18 ", 730 ," 1,924 ", 1
Germantown Village Wards 11 - 14 , 677 ," 1,961 ", 0
Milwaukee City Ward 262 , 0 , 0 , 0
Butler Village Wards 1 - 3 , 459 , 625 , 3
Menomonee Falls Village Wards 1 & 2 , 421 , 981 , 0
"Menomonee Falls Village Wards 3, 9 & 10 ", 740 ," 1,518 ", 2
"Menomonee Falls Village Wards 4, 8 & 11 ", 690 ," 1,188 ", 4
r ,s,"","","","","","","",gin
eneifn ,a lero,lbrtae ,"","","",ginra l,"","",tterca
"Menomonee Falls Village Wards 5, 6 & 13 ", 625 ," 1,160 ", 5
Menomonee Falls Village Wards 7 & 12 , 529 ," 1,048 ", 2
"Menomonee Falls Village Wards 14, 15 & 21 ", 756 ," 1,784 ", 3
Menomonee Falls Village Wards 16 & 17 , 372 , 992 , 5
Menomonee Falls Village Ward 19 , 237 , 461 , 2
Menomonee Falls Village Wards 20 & 22 , 565 ," 1,358 ", 3
Menomonee Falls Village Wards 23 & 29 , 541 ," 1,075 ", 1
Menomonee Falls Village Ward 28 , 236 , 482 , 0
a.L yr ,"","","",ke ak,"",h eila ,"","",a s do frr,"","","","",acttreing
Anderson Town , 72 , 153 , 0
Daniels Town , 156 , 253 , 0
Dewey Town , 135 , 165 , 0
Grantsburg Town Wards 1 - 3 , 202 , 363 , 0
La Follette Town Wards 1 & 2 , 122 , 157 , 0
Lincoln Town , 76 , 104 , 0
Meenon Town Wards 1 - 3 , 235 , 315 , 0
Roosevelt Town , 53 , 70 , 0
Siren Town Wards 1 - 3 , 231 , 257 , 0
Trade Lake Town Wards 1 & 2 , 206 , 345 , 0
West Marshland Town Wards 1 & 2 , 58 , 105 , 0
Wood River Town Wards 1 & 2 , 185 , 383 , 0
Grantsburg Village Wards 1 & 2 , 256 , 437 , 0
Siren Village Wards 1 & 2 , 177 , 233 , 0
Webster Village , 180 , 178 , 0
Lucas Town , 175 , 239 , 0
Menomonie Town Wards 1 - 4 , 762 , 895 , 0
Stanton Town , 162 , 264 , 0
Knapp Village , 76 , 157 , 0
Menomonie City Wards 1 & 2 , 799 , 806 , 1
Menomonie City Wards 3 & 4 , 731 , 595 , 7
Menomonie City Wards 5 & 7 , 823 , 690 , 9
a .Lry ,"","",a e kk,"",h la ie,"","",a s d o rf r,"","","","",acttering
Menomonie City Ward 6 , 368 , 411 , 0
Menomonie City Wards 8 & 9 , 643 , 619 , 1
Menomonie City Wards 10 & 11 , 728 , 715 , 1
Clifton Town Wards 1 & 2 , 414 , 725 , 0
Diamond Bluff Town , 123 , 174 , 0
Gilman Town , 214 , 311 , 0
Oak Grove Town Wards 1 & 2 , 355 , 702 , 0
River Falls Town Wards 1 - 3 , 547 , 896 , 0
Spring Lake Town Wards 1 & 2 , 134 , 197 , 0
Trenton Town Wards 1 & 2 , 386 , 654 , 0
Trimbelle Town Wards 1 & 2 , 286 , 660 , 0
Ellsworth Village Wards 1 - 4 , 588 , 980 , 0
Elmwood Village , 206 , 254 , 0
Spring Valley Village Wards 1 & 2 , 288 , 382 , 0
Prescott City Wards 1 - 4 , 950 ," 1,164 ", 0
River Falls City Wards 3 & 4 , 310 , 287 , 0
River Falls City Wards 5 - 7 , 855 , 831 , 1
River Falls City Wards 8 - 10 , 718 , 744 , 2
River Falls City Wards 11 & 12 , 747 , 904 , 2
"","","","","","","","","","","","","","",g
a y .  Lr ,"","","","",ak ke ,eh lia,"",ra d f ro s,"","","","","",acintter
Alden Town Wards 1 - 3 , 585 , 957 , 0
Apple River Town Wards 1 & 2 , 254 , 358 , 0
Balsam Lake Town Wards 1 & 2 , 303 , 507 , 1
Black Brook Town Wards 1 & 2 , 137 , 470 , 0
Bone Lake Town , 179 , 217 , 0
Clam Falls Town , 136 , 168 , 0
Clayton Town , 223 , 268 , 0
Clear Lake Town Wards 1 & 2 , 168 , 267 , 0
Eureka Town Wards 1 & 2 , 296 , 517 , 0
Farmington Town Wards 1 & 2 , 298 , 579 , 0
Garfield Town Wards 1 - 3 , 313 , 521 , 0
Georgetown Town Wards 1 & 2 , 298 , 255 , 0
Laketown Town , 218 , 334 , 0
Lincoln Town Wards 1 - 4 , 519 , 737 , 0
Lorain Town , 56 , 95 , 0
Luck Town Wards 1 & 2 , 242 , 281 , 0
Milltown Town Wards 1 & 2 , 257 , 354 , 0
Osceola Town Wards 1 - 4 , 438 , 910 , 1
St Croix Falls Town Wards 1 & 2 , 212 , 436 , 0
Sterling Town , 142 , 229 , 0
West Sweden Town Wards 1 & 2 , 159 , 219 , 0
Balsam Lake Village , 215 , 309 , 0
Centuria Village , 161 , 214 , 0
Clayton Village , 100 , 112 , 0
Clear Lake Village Wards 1 & 2 , 229 , 293 , 0
Dresser Village , 163 , 227 , 0
Frederic Village Wards 1 & 2 , 257 , 299 , 0
Luck Village Wards 1 & 2 , 304 , 292 , 0
ra.Ly ,"","",ak k e,"",eh li a ,"","",ra s f rdo,"","","","",acttginre
Milltown Village , 193 , 216 , 0
Osceola Village Wards 1 - 3 , 480 , 735 , 0
Amery City Wards 1 & 2 , 336 , 373 , 0
Amery City Ward 3 , 104 , 113 , 0
Amery City Wards 4 & 5 , 292 , 316 , 0
St Croix Falls City Wards 1 - 3 , 447 , 663 , 0
Baldwin Town , 185 , 362 , 0
Cady Town , 157 , 309 , 0
Cylon Town , 139 , 205 , 0
Eau Galle Town Wards 1 & 2 , 225 , 375 , 0
Emerald Town Wards 1 & 2 , 164 , 234 , 0
Erin Prairie Town , 131 , 226 , 0
Forest Town , 139 , 199 , 0
Glenwood Town , 143 , 245 , 0
Hammond Town , 260 , 596 , 2
Hudson Town Wards 1 - 11 ," 1,315 "," 2,916 ", 1
Kinnickinnic Town Wards 1 - 3 , 379 , 624 , 0
Pleasant Valley Town , 107 , 154 , 0
Richmond Town Wards 1 - 3 , 545 , 730 , 8
Rush River Town , 121 , 178 , 0
St Joseph Town Wards 1 - 7 , 746 ," 1,435 ", 1
"Somerset Town Wards 1, 3 - 5 ", 614 ," 1,043 ", 1
Somerset Town Ward 2 , 76 , 142 , 0
Springfield Town , 198 , 280 , 1
Stanton Town Wards 1 & 2 , 227 , 307 , 0
Star Prairie Town Wards 1 - 5 , 646 ," 1,002 ", 1
Troy Town Wards 1 - 7 , 817 ," 1,782 ", 1
Warren Town Wards 1 & 2 , 254 , 613 , 1
Baldwin Village Wards 1 - 5 , 632 , 980 , 1
Deer Park Village , 54 , 75 , 0
Hammond Village Wards 1 & 2 , 439 , 523 , 0
North Hudson Village Wards 1 - 6 , 763 ," 1,373 ", 1
Roberts Village Wards 1 & 2 , 298 , 458 , 2
Somerset Village Wards 1 & 2 , 390 , 589 , 1
Star Prairie Village , 159 , 186 , 0
Spring Valley Village Ward 3 , 0 , 2 , 0
Wilson Village , 38 , 61 , 0
Woodville Village Wards 1 & 2 , 218 , 381 , 0
Glenwood City City Wards 1 & 2 , 254 , 340 , 0
Hudson City Wards 1 - 14 ," 2,472 "," 3,639 ", 5
New Richmond City Wards 1 - 6 , 800 , 801 , 0
New Richmond City Wards 7 - 13 , 834 , 992 , 1
River Falls City Wards 1 & 2 , 616 , 732 , 1
"","","","","","","","","","",g
o eg r,"",r e e sk,"","",o m fa,y nif ,"","","",ctenirta
Aurora Town Wards 1 - 3 , 281 , 245 , 0
Commonwealth Town Wards 1 - 3 , 115 , 131 , 0
Fence Town , 47 , 57 , 0
Fern Town , 52 , 67 , 0
Florence Town Wards 1 - 7 , 487 , 661 , 0
Homestead Town , 102 , 127 , 0
Long Lake Town , 54 , 60 , 0
Tipler Town , 41 , 70 , 0
Alvin Town Wards 1 & 2 , 62 , 49 , 0
Argonne Town Wards 1 & 2 , 158 , 109 , 0
Armstrong Creek Town , 156 , 98 , 0
Blackwell Town , 76 , 37 , 0
Caswell Town , 29 , 28 , 0
Crandon Town Wards 1 & 2 , 222 , 105 , 0
Freedom Town , 112 , 93 , 0
Hiles Town , 149 , 109 , 0
Laona Town Wards 1 - 3 , 382 , 290 , 0
Lincoln Town Wards 1 - 3 , 297 , 215 , 0
Nashville Town Ward 1 , 65 , 68 , 0
Nashville Town Ward 2 , 124 , 123 , 0
Nashville Town Ward 3 , 159 , 38 , 0
Nashville Town Ward 4 , 3 , 9 , 0
"","","",e,"","","",""
og r e ,"","",re ks ,om iff a yn,"","",acegirntt
Popple River Town , 29 , 15 , 0
Ross Town , 48 , 40 , 0
Wabeno Town Wards 1 - 5 , 304 , 221 , 0
Crandon City Wards 1 - 4 , 526 , 364 , 0
Ackley Town , 145 , 114 , 0
Ainsworth Town , 185 , 116 , 0
Antigo Town Wards 1 & 2 , 453 , 387 , 0
Elcho Town Wards 1 - 3 , 467 , 348 , 0
Evergreen Town , 171 , 140 , 0
Langlade Town Wards 1 & 2 , 153 , 128 , 0
Neva Town , 309 , 244 , 0
Norwood Town Wards 1 & 2 , 231 , 262 , 0
Parrish Town , 21 , 42 , 0
Peck Town , 107 , 90 , 0
Polar Town Wards 1 & 2 , 312 , 284 , 0
Price Town Wards 1 & 2 , 87 , 55 , 0
Rolling Town Wards 1 & 2 , 421 , 357 , 0
Summit Town , 61 , 29 , 0
Upham Town , 229 , 249 , 0
Vilas Town , 58 , 52 , 0
Wolf River Town Wards 1 & 2 , 290 , 212 , 0
White Lake Village , 89 , 68 , 0
"","","","","","","","",g
go er ,"","",re ks e,"",om iff an y ,"","",acenirtt
Antigo City Ward 1 , 247 , 186 , 0
Antigo City Ward 2 , 272 , 172 , 2
Antigo City Ward 3 , 262 , 165 , 0
Antigo City Ward 4 , 254 , 154 , 0
Antigo City Ward 5 , 243 , 152 , 1
Antigo City Ward 6 , 216 , 162 , 1
Antigo City Ward 7 , 268 , 222 , 3
Antigo City Ward 8 , 261 , 178 , 0
Antigo City Ward 9 , 267 , 198 , 0
Birch Town Wards 1 & 2 , 148 , 132 , 0
Bradley Town Wards 1 - 4 , 813 , 770 , 0
Corning Town , 264 , 190 , 0
Harding Town , 124 , 98 , 1
Harrison Town Wards 1 - 4 , 245 , 270 , 0
King Town , 323 , 242 , 0
Merrill Town Wards 1 - 5 , 946 , 664 , 0
Pine River Town Wards 1 - 3 , 592 , 447 , 1
Rock Falls Town Wards 1 & 2 , 169 , 178 , 0
Russell Town , 220 , 139 , 1
Schley Town Wards 1 & 2 , 284 , 184 , 0
Scott Town Wards 1 & 2 , 435 , 340 , 0
Skanawan Town , 133 , 90 , 0
"","","","","","","",ng
gottere ,resk e ,"",om,iffany,"","",irac
Somo Town , 45 , 23 , 0
Tomahawk Town Wards 1 & 2 , 143 , 90 , 0
Wilson Town , 100 , 82 , 0
Merrill City Ward 1 , 384 , 231 , 1
Merrill City Ward 2 , 382 , 265 , 0
Merrill City Ward 3 , 337 , 200 , 1
Merrill City Ward 4 , 327 , 242 , 0
Merrill City Ward 5 , 331 , 207 , 0
Merrill City Ward 6 , 405 , 232 , 1
Merrill City Ward 7 , 352 , 232 , 0
Merrill City Ward 8 , 330 , 227 , 0
Tomahawk City Wards 1 - 6 ," 1,046 ", 797 , 3
Elderon Town , 252 , 83 , 0
Halsey Town , 153 , 120 , 0
Hamburg Town , 261 , 189 , 0
Harrison Town , 90 , 103 , 0
Hewitt Town , 191 , 124 , 0
Athens Village Wards 1 & 2 , 310 , 236 , 0
Birnamwood Village Ward 2 , 8 , 3 , 0
Elderon Village , 75 , 20 , 0
go erirn,"",re ske,"",om iff any,"","",acegtt
"Menominee Town Wards 1, 3 - 5 "," 1,006 ", 246 , 0
Menominee Town Ward 2 , 240 , 14 , 0
"","","","","","","","",g
go e r,"","",re esk,"",om iff y an,"","",acrnitte
Doty Town Ward 1 , 59 , 74 , 0
Doty Town Ward 2 , 29 , 27 , 0
Lakewood Town , 268 , 302 , 0
Mountain Town Wards 1 & 2 , 245 , 219 , 1
Riverview Town Wards 1 & 2 , 262 , 222 , 0
Townsend Town , 348 , 284 , 2
Cassian Town Wards 1 & 2 , 289 , 347 , 0
Crescent Town Wards 1 - 3 , 737 , 533 , 0
Enterprise Town , 105 , 98 , 0
Hazelhurst Town Wards 1 & 2 , 339 , 436 , 0
Lake Tomahawk Town Wards 1 & 2 , 340 , 343 , 0
Little Rice Town , 149 , 92 , 0
Lynne Town , 63 , 18 , 0
Minocqua Town Wards 1 - 6 ," 1,193 "," 1,815 ", 3
Monico Town , 81 , 97 , 0
Newbold Town Wards 1 - 4 , 862 , 775 , 0
Newbold Town Ward 5 , 57 , 42 , 0
Nokomis Town Wards 1 & 2 , 510 , 365 , 0
Pelican Town Wards 1 - 5 , 916 , 620 , 0
Piehl Town , 32 , 25 , 0
Pine Lake Town Wards 1 - 4 ," 1,050 ", 657 , 0
Schoepke Town , 148 , 105 , 0
o r eg ,"",r eske,"",o m ffa,yn i ,"","","",acerngitt
Stella Town , 206 , 142 , 0
Sugar Camp Town Wards 1 & 2 , 547 , 554 , 0
Three Lakes Town Wards 1 - 3 , 761 , 832 , 0
Woodboro Town , 290 , 223 , 0
Woodruff Town Wards 1 - 3 , 516 , 605 , 1
Rhinelander City Wards 1 & 2 , 304 , 179 , 1
Rhinelander City Wards 3 & 4 , 290 , 161 , 0
Rhinelander City Wards 5 - 7 , 306 , 167 , 0
Rhinelander City Wards 8 & 9 , 285 , 143 , 0
Rhinelander City Wards 10 & 11 , 325 , 230 , 0
Rhinelander City Wards 12 - 14 , 240 , 145 , 0
Rhinelander City Wards 15 - 17 , 269 , 159 , 0
Rhinelander City Wards 18 - 20 , 342 , 198 , 0
Almon Town Wards 1 & 2 , 179 , 115 , 0
Aniwa Town , 156 , 119 , 0
Bartelme Town , 301 , 56 , 0
Birnamwood Town Wards 1 & 2 , 219 , 136 , 0
Hutchins Town , 113 , 177 , 0
Red Springs Town , 245 , 184 , 0
Wittenberg Town Wards 1 & 2 , 279 , 162 , 0
Birnamwood Village Ward 1 , 228 , 91 , 0
Mattoon Village , 104 , 90 , 0
go erirn,"",re ske,"",om iff any,"","",caegtt
Wittenberg Village Wards 1 & 2 , 340 , 134 , 0
Arbor Vitae Town Wards 1 - 4 , 862 ," 1,189 ", 1
Boulder Junction Town Wards 1 & 2 , 313 , 425 , 0
Cloverland Town , 323 , 332 , 0
Conover Town Wards 1 - 3 , 370 , 421 , 2
Lac du Flambeau Town Wards 1 - 3 , 854 , 687 , 3
Land O'Lakes Town , 283 , 336 , 0
Lincoln Town Wards 1 - 4 , 816 , 829 , 0
Manitowish Waters Town , 218 , 337 , 0
Phelps Town Wards 1 & 2 , 436 , 411 , 0
Plum Lake Town Wards 1 & 2 , 148 , 210 , 0
Presque Isle Town , 243 , 304 , 1
St Germain Town Wards 1 & 2 , 591 , 793 , 0
Washington Town Wards 1 - 3 , 491 , 538 , 1
Winchester Town , 169 , 185 , 0
Eagle River City Wards 1 - 5 , 321 , 365 , 0
Caledonia Town Wards 1 & 2 , 494 , 1
Fort Winnebago Town Wards 1 & 2 , 367 , 0
Lewiston Town Wards 1 & 2 , 490 , 1
Marcellon Town Wards 1 & 2 , 391 , 2
Newport Town , 236 , 0
Wyocena Town Wards 1 - 3 , 593 , 1
Pardeeville Village Wards 1 - 3 , 708 , 4
Wyocena Village , 195 , 1
Portage City Wards 1 & 2 , 262 , 1
Portage City Wards 3 & 4 , 293 , 8
Portage City Wards 5 & 6 , 459 , 4
Portage City Wards 7 & 8 , 309 , 4
Portage City Wards 9 & 10 , 254 , 1
Portage City Wards 11 & 12 , 359 , 0
Portage City Wards 13 & 14 , 261 , 2
Portage City Wards 15 & 16 , 134 , 1
Portage City Wards 17 & 18 , 325 , 2
Wisconsin Dells City Wards 1 - 3 & 6 , 723 , 2
thutere.S ,"",e n ls,"","",irgntac
Alto Town Wards 1 & 2 , 548 , 1
Metomen Town , 332 , 0
Ripon Town Wards 1 & 2 , 645 , 3
Brandon Village , 390 , 0
Fairwater Village , 134 , 1
Ripon City Wards 1 - 3 , 675 , 4
Ripon City Wards 4 - 6 , 727 , 17
Ripon City Wards 7 & 8 , 619 , 8
Ripon City Wards 9 - 11 , 661 , 14
thutere.S ,"",e n ls,"","",irgntac
Buffalo Town Wards 1 & 2 , 369 , 3
Crystal Lake Town , 209 , 1
Douglas Town , 261 , 0
Harris Town , 316 , 1
Mecan Town , 257 , 1
Montello Town Wards 1 - 3 , 344 , 1
Moundville Town Wards 1 & 2 , 182 , 1
Neshkoro Town Wards 1 & 2 , 241 , 0
Newton Town Wards 1 & 2 , 191 , 0
Oxford Town Wards 1 & 2 , 303 , 1
Packwaukee Town Wards 1 - 3 , 412 , 1
Shields Town , 205 , 0
Westfield Town Wards 1 & 2 , 284 , 0
Endeavor Village , 138 , 0
Neshkoro Village , 146 , 0
tu eh rrn. S,"","",ls en ,"",tegitca
Oxford Village , 151 , 0
Montello City Wards 1 - 4 , 552 , 3
Hortonia Town Wards 1 & 2 , 295 , 2
Hortonville Village Wards 1 - 3 , 934 , 3
New London City Wards 1 & 2 , 441 , 5
Baraboo Town Wards 1 - 4 , 720 , 4
Delton Town Wards 1 - 4 , 656 , 3
Fairfield Town Wards 1 & 2 , 430 , 2
Greenfield Town , 417 , 2
Lake Delton Village Wards 1 - 3 , 685 , 3
West Baraboo Village Wards 1 & 2 , 343 , 4
Baraboo City Ward 1 , 148 , 1
Baraboo City Ward 2 , 218 , 4
Baraboo City Ward 3 , 359 , 16
Baraboo City Ward 4 , 183 , 0
Baraboo City Ward 5 , 253 , 7
Baraboo City Ward 6 , 316 , 11
tu h .  Sre,"","","",ls en ,"",acerngitt
Baraboo City Ward 7 , 280 , 0
Baraboo City Ward 8 , 187 , 1
Baraboo City Ward 9 , 189 , 0
Baraboo City Ward 10 , 450 , 0
Baraboo City Ward 11 , 279 , 1
Baraboo City Ward 12 , 268 , 1
Baraboo City Ward 13 , 199 , 3
Baraboo City Ward 14 , 188 , 0
Wisconsin Dells City Ward 4 , 32 , 1
Marion City Ward 4 , 5 , 0
Bear Creek Town , 279 , 7
Caledonia Town Wards 1 & 2 , 635 , 1
Dayton Town Wards 1 - 4 ," 1,096 ", 1
Dupont Town Wards 1 & 2 , 207 , 3
"Farmington Town Wards 1, 2 & 6 ", 763 , 2
Farmington Town Wards 3 - 5 , 633 , 1
Fremont Town , 256 , 0
tu h .  Sre,"","","",ls en ,"",acerngitt
Harrison Town , 142 , 0
Helvetia Town Wards 1 & 2 , 254 , 0
Iola Town Wards 1 & 2 , 370 , 0
Larrabee Town Wards 1 & 2 , 529 , 0
Lebanon Town Wards 1 & 2 , 517 , 2
Lind Town Wards 1 & 2 , 538 , 0
Little Wolf Town Wards 1 - 3 , 515 , 1
Mukwa Town Wards 1 & 4 , 414 , 0
"Mukwa Town Wards 2, 3 & 5 ", 661 , 3
Royalton Town Wards 1 - 3 , 579 , 2
St Lawrence Town Wards 1 & 2 , 241 , 0
Scandinavia Town Wards 1 & 2 , 415 , 1
Union Town , 274 , 2
Waupaca Town Wards 1 & 2 , 487 , 0
Weyauwega Town , 232 , 0
Wyoming Town , 103 , 0
Big Falls Village , 20 , 0
Fremont Village , 331 , 0
Iola Village Wards 1 - 3 , 430 , 0
Ogdensburg Village , 68 , 0
Scandinavia Village , 119 , 1
Clintonville City Wards 1 - 7 ," 1,511 ", 12
Manawa City Wards 1 - 3 , 371 , 1
Marion City Wards 1 - 3 , 395 , 2
"New London City Wards 3, 4 & 8 ", 515 , 0
"New London City Wards 5, 9 & 10 ", 418 , 5
New London City Wards 6 & 7 , 478 , 6
New London City Wards 11 & 12 , 343 , 10
thutere.S ,"",e n ls,"","",irgntac
Aurora Town , 448 , 2
Bloomfield Town Wards 1 & 2 , 418 , 10
Coloma Town Wards 1 & 2 , 256 , 1
Dakota Town Wards 1 - 3 , 420 , 8
Leon Town Wards 1 - 3 , 538 , 5
Marion Town Wards 1 - 4 , 864 , 10
Mount Morris Town Wards 1 & 2 , 497 , 5
Poysippi Town , 382 , 18
Richford Town Wards 1 & 2 , 186 , 2
Saxeville Town Wards 1 & 2 , 398 , 3
Springwater Town Wards 1 - 3 , 342 , 4
Warren Town , 228 , 1
Wautoma Town Wards 1 & 2 , 557 , 0
Coloma Village , 154 , 3
Lohrville Village , 105 , 0
Redgranite Village Wards 1 & 2 , 295 , 2
Wild Rose Village Wards 1 & 2 , 240 , 1
Berlin City Ward 7 , 47 , 0
Wautoma City Wards 1 - 4 , 547 , 2
tu h .  Sre,"","","",ls en ,"",acerngitt
"","","","","","","",no ,gi
k ra ,e r ill,"","",P.  irc ,"","",re s te,cattern
Arlington Town Wards 1 & 2 , 253 , 195 , 1
Columbus Town , 155 , 171 , 0
Courtland Town Wards 1 & 2 , 92 , 189 , 1
Dekorra Town Wards 1 - 4 , 635 , 661 , 3
Fountain Prairie Town Wards 1 & 2 , 246 , 234 , 0
Hampden Town , 154 , 160 , 1
Leeds Town Wards 1 & 2 , 268 , 190 , 0
Lodi Town Wards 1 - 5 , 969 , 840 , 0
Lowville Town Wards 1 & 2 , 304 , 288 , 0
Otsego Town , 203 , 186 , 0
Pacific Town Wards 1 - 3 , 767 , 805 , 0
Randolph Town , 92 , 323 , 0
Scott Town , 132 , 201 , 0
Springvale Town , 143 , 147 , 0
West Point Town Wards 1 & 2 , 583 , 498 , 0
Arlington Village , 198 , 169 , 2
Cambria Village , 205 , 204 , 0
Doylestown Village , 70 , 68 , 1
Fall River Village Wards 1 & 2 , 306 , 291 , 0
Friesland Village , 53 , 152 , 0
Poynette Village Wards 1 - 3 , 690 , 469 , 0
Rio Village , 316 , 218 , 0
Lodi City Wards 1 - 4 , 980 , 581 , 0
Blooming Grove Town Wards 1 - 3 , 682 , 363 , 0
Bristol Town Wards 1 - 3 , 909 , 940 , 0
Cottage Grove Town Wards 1 - 5 ," 1,281 "," 1,011 ", 0
Dane Town , 274 , 221 , 0
Dunkirk Town Wards 1 - 3 , 666 , 547 , 0
Dunn Town Wards 1 & 7 , 450 , 390 , 0
Dunn Town Wards 2 - 6 ," 1,380 "," 1,036 ", 2
Mazomanie Town Wards 1 & 2 , 350 , 237 , 0
Medina Town Wards 1 & 2 , 363 , 365 , 0
Pleasant Springs Town Wards 1 - 4 , 957 , 857 , 1
Roxbury Town Wards 1 & 2 , 529 , 403 , 0
Rutland Town Wards 1 & 2 , 623 , 553 , 1
Sun Prairie Town Wards 1 - 3 , 618 , 595 , 1
Vienna Town Wards 1 & 2 , 365 , 344 , 0
Windsor Town Wards 1 - 7 ," 1,601 "," 1,522 ", 3
York Town , 213 , 187 , 1
Cottage Grove Village Wards 1 - 7 ," 1,505 "," 1,153 ", 0
Dane Village , 217 , 166 , 0
De Forest Village Wards 1 - 8 ," 2,051 "," 1,646 ", 0
Marshall Village Wards 1 - 6 , 935 , 716 , 2
McFarland Village Wards 1 - 7 ," 2,603 "," 1,632 ", 0
Oregon Village Wards 2 - 4 , 902 , 716 , 0
Madison City Ward 1 ," 1,351 ", 530 , 2
Madison City Ward 2 ," 1,473 ", 688 , 1
Madison City Ward 3 , 875 , 348 , 2
Madison City Ward 4 , 845 , 422 , 0
Madison City Ward 5 , 879 , 497 , 0
Madison City Ward 6 , 966 , 488 , 2
"","","","","","","","","","","","","",girn
k ,"","","","","","","","","","","","",""
r a ,"",r leli ,"","",c. Pir ,"","","",e trse on ,"","","",actet
Madison City Ward 7 ," 1,189 ", 392 , 1
Madison City Ward 8 ," 1,084 ", 396 , 1
Madison City Ward 10 ," 1,104 ", 295 , 2
Madison City Ward 11 ," 1,681 ", 414 , 2
Madison City Ward 12 , 835 , 104 , 0
Madison City Ward 13 , 358 , 62 , 1
Madison City Ward 33 ," 2,272 ", 197 , 1
Madison City Ward 55 , 95 , 19 , 0
Madison City Ward 56 ," 1,061 ", 318 , 0
Madison City Ward 131 , 0 , 0 , 0
Monona City Wards 1 - 5 ," 1,928 ", 723 , 1
Monona City Wards 6 - 10 ," 1,765 ", 631 , 3
Stoughton City Wards 1 - 3 , 944 , 687 , 0
Stoughton City Wards 4 & 5 , 932 , 584 , 1
Stoughton City Wards 6 - 8 , 994 , 658 , 1
Stoughton City Wards 9 & 10 , 948 , 999 , 0
"Sun Prairie City Wards 1 - 4, 18, 19, 22 & 25 "," 1,670 "," 1,417 ", 5
Sun Prairie City Wards 5 - 9 ," 1,778 "," 1,437 ", 2
Sun Prairie City Wards 10 - 13 & 20 ," 1,469 ", 962 , 1
Sun Prairie City Wards 14 - 17 ," 1,920 "," 2,147 ", 2
"Sun Prairie City Wards 21, 23, 26 - 28 ", 3 , 2 , 0
Merrimac Town , 311 , 278 , 0
"","","","","",.,on ,ginr
kra ,"",r e ill,"","",irc  P,te ers ,actte
Merrimac Village , 129 , 108 , 0
rao l A . ,"","",o es er ls,"","","",acttingre
Byron Town Wards 1 & 2 , 784 , 3
Eldorado Town Wards 1 - 3 , 689 , 1
Empire Town Wards 1 - 3 ," 1,408 ", 7
Fond du Lac Town Wards 1 - 3 ," 1,268 ", 2
Friendship Town Wards 1 - 4 , 979 , 4
Lamartine Town Wards 1 - 3 , 812 , 1
Oakfield Town , 304 , 0
Rosendale Town , 313 , 2
Springvale Town , 350 , 1
Taycheedah Town Wards 1 - 5 ," 1,993 ", 6
Waupun Town Wards 1 & 2 , 669 , 3
North Fond du Lac Village Wards 1 - 7 ," 1,427 ", 3
Oakfield Village Wards 1 & 2 , 481 , 1
Rosendale Village , 495 , 0
Fond du Lac City Ward 1 , 768 , 6
Fond du Lac City Ward 2 ," 1,125 ", 5
Fond du Lac City Ward 3 , 769 , 4
Fond du Lac City Ward 4 , 806 , 5
a ro . l Airn,"","",o s r lees,"","","",acgtte
Fond du Lac City Ward 5 , 833 , 9
Fond du Lac City Ward 6 , 677 , 4
Fond du Lac City Ward 7 , 824 , 10
Fond du Lac City Ward 8 ," 1,012 ", 12
Fond du Lac City Ward 9 ," 1,285 ", 9
Fond du Lac City Ward 10 ," 1,398 ", 7
Fond du Lac City Ward 11 ," 1,053 ", 4
Fond du Lac City Ward 12 ," 1,349 ", 12
Fond du Lac City Ward 13 ," 1,279 ", 0
Fond du Lac City Ward 14 ," 1,159 ", 3
Fond du Lac City Ward 15 , 867 , 1
Fond du Lac City Ward 16 , 278 , 1
Waupun City Wards 9 & 10 , 859 , 3
Waupun City Wards 11 & 12 , 543 , 2
Algoma Town Wards 1 - 12 ," 2,369 ", 16
Black Wolf Town Wards 1 - 3 ," 1,244 ", 13
Nekimi Town Wards 1 & 2 , 720 , 9
Nepeuskun Town , 328 , 0
Omro Town Wards 1 - 3 , 899 , 6
Oshkosh Town Wards 1 - 6 ," 1,168 ", 17
Rushford Town Wards 1 & 2 , 630 , 1
Utica Town Wards 1 & 2 , 652 , 4
Are. ,l ,"",ngir
a l ro,ss eo,"",tacte
Omro City Wards 1 - 7 ," 1,178 ", 15
Oshkosh City Ward 1 , 728 , 17
Oshkosh City Ward 2 , 882 , 20
Oshkosh City Ward 3 , 663 , 7
Oshkosh City Ward 4 , 474 , 8
Oshkosh City Ward 5 , 114 , 3
Oshkosh City Ward 6 , 79 , 1
Oshkosh City Ward 7 , 669 , 8
Oshkosh City Ward 8 , 845 , 14
Oshkosh City Ward 9 , 523 , 8
Oshkosh City Ward 10 , 815 , 47
Oshkosh City Ward 11 , 844 , 28
Oshkosh City Ward 12 , 779 , 34
Oshkosh City Ward 13 ," 1,119 ", 44
Oshkosh City Ward 14 , 857 , 34
Oshkosh City Ward 15 , 888 , 62
Oshkosh City Ward 16 , 416 , 20
Oshkosh City Ward 17 , 986 , 29
Oshkosh City Ward 18 , 494 , 19
Oshkosh City Ward 19 , 600 , 25
Oshkosh City Ward 20 , 680 , 31
Oshkosh City Ward 21 , 470 , 12
Oshkosh City Ward 22 , 736 , 33
Oshkosh City Ward 23 , 726 , 20
Oshkosh City Ward 24 , 900 , 31
Oshkosh City Ward 25 , 369 , 7
Oshkosh City Ward 26 , 869 , 17
Oshkosh City Ward 27 , 710 , 17
Are. ,l ,"",ngir
a l ro,ss eo,"",tacte
Oshkosh City Ward 28 ," 1,166 ", 11
Oshkosh City Ward 29 , 982 , 14
Oshkosh City Ward 30 , 772 , 12
Oshkosh City Ward 31 , 884 , 20
Oshkosh City Ward 32 , 948 , 15
Oshkosh City Ward 33 , 770 , 14
Oshkosh City Ward 34 , 0 , 0
Oshkosh City Ward 35 , 5 , 0
Oshkosh City Ward 36 , 0 , 0
"","",an ,gin
l nen,"",r hmto,cttera
Theresa Town Wards 1 & 2 , 542 , 2
Theresa Village Wards 1 - 3 , 491 , 2
Belgium Town Wards 1 - 3 , 645 , 7
"Cedarburg Town Wards 1, 2 & 10 ", 666 , 11
Cedarburg Town Wards 3 & 4 , 701 , 7
Cedarburg Town Wards 5 & 6 , 856 , 5
Cedarburg Town Wards 7 - 9 , 767 , 7
Fredonia Town Wards 1 - 3 ," 1,002 ", 7
"Grafton Town Wards 1, 2 & 6 "," 1,036 ", 5
Grafton Town Wards 3 - 5 & 7 , 973 , 11
"",an girn
lettenn ,rom thac
Port Washington Town Wards 1 & 2 , 712 , 6
Saukville Town Ward 1 , 242 , 5
Saukville Town Wards 2 - 5 , 637 , 0
Belgium Village Wards 1 & 2 , 871 , 4
Fredonia Village Wards 1 & 2 , 910 , 9
Grafton Village Wards 1 & 2 , 676 , 5
Grafton Village Wards 3 & 4 , 662 , 11
Grafton Village Ward 5 , 698 , 7
Grafton Village Wards 6 - 8 ," 1,231 ", 12
Grafton Village Wards 9 - 11 , 911 , 13
Grafton Village Wards 12 & 13 , 832 , 10
Newburg Village Ward 3 , 48 , 0
"Saukville Village Wards 1, 6 & 7 ", 657 , 7
Saukville Village Wards 2 - 5 & 8 , 785 , 11
Cedarburg City Wards 1 & 2 , 603 , 6
Cedarburg City Wards 3 & 4 , 778 , 12
Cedarburg City Wards 5 & 6 , 679 , 7
Cedarburg City Wards 7 & 8 , 564 , 3
Cedarburg City Wards 9 & 10 , 699 , 5
Cedarburg City Wards 11 & 12 , 642 , 9
Cedarburg City Wards 13 & 14 , 751 , 9
Mequon City Ward 2 , 487 , 1
Port Washington City Ward 1 , 663 , 5
Port Washington City Wards 2 & 3 , 554 , 14
Port Washington City Wards 4 & 5 , 471 , 9
Port Washington City Ward 6 , 604 , 4
Port Washington City Wards 7 & 8 , 702 , 5
Port Washington City Wards 9 & 10 , 612 , 7
"","",an ,g
n n le,"",ro m th,carenitt
Port Washington City Ward 11 , 603 , 2
Holland Town Wards 1 - 4 ," 1,276 ", 12
Lima Town Wards 1 - 4 ," 1,469 ", 9
Lyndon Town Wards 1 & 2 , 706 , 3
Mitchell Town Wards 1 & 2 , 532 , 5
Scott Town Wards 1 & 2 , 834 , 8
Sherman Town Wards 1 & 2 , 703 , 13
Wilson Town Wards 1 - 4 ," 1,572 ", 13
Adell Village , 235 , 2
Cascade Village , 310 , 4
Cedar Grove Village Wards 1 & 2 ," 1,027 ", 5
Oostburg Village Wards 1 - 4 ," 1,561 ", 2
Random Lake Village Wards 1 & 2 , 764 , 7
Waldo Village , 217 , 1
Sheboygan City Ward 18 , 0 , 0
Sheboygan City Ward 19 , 1 , 0
Sheboygan City Ward 23 , 1 , 0
"",an girn
lettenn ,rom thac
Addison Town Wards 1 - 6 ," 1,677 ", 9
Barton Town Wards 1 - 4 ," 1,255 ", 14
Farmington Town Wards 1 - 4 ," 1,747 ", 12
Hartford Town Ward 5 , 426 , 1
Jackson Town Wards 1 - 5 ," 1,985 ", 7
Kewaskum Town Wards 1 & 2 , 570 , 10
"Polk Town Wards 1 - 4, 6 & 7 "," 1,639 ", 11
"Trenton Town Wards 1, 2, 5 - 7 "," 1,703 ", 7
Trenton Town Wards 3 & 4 , 488 , 7
Wayne Town Wards 1 - 3 , 958 , 2
West Bend Town Wards 1 - 9 ," 2,459 ", 40
Jackson Village Wards 1 - 11 ," 2,503 ", 11
Kewaskum Village Wards 1 - 4 & 6 ," 1,445 ", 7
Newburg Village Wards 1 & 2 , 453 , 0
Slinger Village Wards 1 - 8 & 10 ," 1,736 ", 9
West Bend City Wards 1 & 12 ," 1,591 ", 21
"West Bend City Wards 2, 3 & 5 "," 1,352 ", 35
"West Bend City Wards 4, 11, 22 & 29 "," 1,209 ", 1
"West Bend City Wards 6, 7, 24 & 31 "," 1,694 ", 15
West Bend City Wards 8 - 10 ," 1,763 ", 15
West Bend City Wards 13 - 15 ," 1,478 ", 10
"West Bend City Wards 16, 18 & 21 "," 1,256 ", 14
"West Bend City Wards 17, 19, 20, 23, 25 & 26 "," 1,605 ", 19
West Bend City Ward 27 , 0 , 0
West Bend City Wards 28 & 34 , 0 , 0
West Bend City Ward 30 , 0 , 0
West Bend City Ward 32 , 0 , 0
West Bend City Ward 33 , 0 , 0
"",an girn
lettenn ,rom thac
. ,"","","","","","","","","",""
o b e W  tr,irc h ,"",nec ie,"","",ire b us,"","","",actteginr
Brighton Town Wards 1 - 3 , 309 , 523 , 0
Bristol Town Wards 1 - 4 & 8 , 550 , 881 , 0
Bristol Town Wards 5 & 7 , 247 , 353 , 1
Bristol Town Ward 6 , 221 , 358 , 0
Paris Town Wards 1 & 2 , 452 , 516 , 3
Randall Town Wards 1 - 5 , 720 , 870 , 2
Salem Town Wards 1 - 15 ," 1,924 "," 2,603 ", 7
Somers Town Wards 1 - 4 , 885 , 794 , 2
Somers Town Wards 5 - 7 & 12 , 883 , 747 , 3
Somers Town Ward 8 , 177 , 157 , 0
Somers Town Wards 9 - 11 , 588 , 520 , 0
Genoa City Village Ward 4 , 0 , 0 , 0
Paddock Lake Village Wards 1 - 5 , 676 , 838 , 4
Pleasant Prairie Village Wards 1 - 3 , 905 , 952 , 2
Pleasant Prairie Village Wards 4 & 5 , 540 , 703 , 2
Pleasant Prairie Village Wards 6 & 7 , 928 , 873 , 1
Pleasant Prairie Village Wards 8 - 11 ," 1,194 "," 1,393 ", 0
Pleasant Prairie Village Wards 12 & 13 , 960 ," 1,114 ", 2
Silver Lake Village Wards 1 - 3 , 549 , 614 , 1
Twin Lakes Village Wards 1 - 7 , 951 ," 1,202 ", 2
Kenosha City Ward 1 , 646 , 417 , 0
Kenosha City Ward 2 , 736 , 477 , 0
Kenosha City Ward 3 , 639 , 382 , 0
Kenosha City Ward 4 , 709 , 420 , 0
Kenosha City Ward 5 , 839 , 673 , 0
Kenosha City Ward 6 , 757 , 552 , 0
Kenosha City Ward 7 , 785 , 693 , 0
Kenosha City Ward 8 , 913 , 539 , 0
.,"","","","","","","",""
"","","","","","","","",r
ob tWr e ,irc h ,"",ie cen,"","",ire bus ,"",cagintte
Kenosha City Ward 9 ," 1,133 ", 723 , 0
Kenosha City Ward 10 , 777 , 637 , 0
Kenosha City Ward 11 , 737 , 443 , 0
Kenosha City Ward 12 , 754 , 392 , 0
Kenosha City Ward 13 , 611 , 268 , 0
Kenosha City Ward 14 , 379 , 128 , 0
Kenosha City Ward 15 , 468 , 157 , 0
Kenosha City Ward 16 , 566 , 187 , 0
Kenosha City Ward 17 , 822 , 532 , 0
Kenosha City Ward 18 , 585 , 437 , 0
Kenosha City Ward 19 , 648 , 247 , 1
Kenosha City Ward 20 , 711 , 239 , 0
Kenosha City Ward 21 , 883 , 614 , 0
Kenosha City Ward 22 , 495 , 335 , 0
Kenosha City Ward 23 , 610 , 337 , 0
Kenosha City Ward 24 , 798 , 563 , 0
Kenosha City Ward 25 , 819 , 627 , 0
Kenosha City Ward 26 , 836 , 626 , 0
Kenosha City Ward 27 , 913 , 737 , 0
Kenosha City Ward 28 , 812 , 727 , 0
Kenosha City Ward 29 , 960 , 813 , 0
Kenosha City Ward 30 , 654 , 595 , 0
Kenosha City Ward 31 , 812 , 577 , 0
Kenosha City Ward 32 , 658 , 494 , 0
Kenosha City Ward 33 , 618 , 558 , 0
Kenosha City Ward 34 , 787 ," 1,143 ", 0
Kenosha City Ward 35 , 0 , 0 , 0
Kenosha City Ward 36 , 31 , 46 , 0
.,"","","","","","","",""
"","","","","","","",s ,gn
 W t reob ,h cir,"","",n c eie,"","",ire bu,ttreica
Kenosha City Ward 37 , 2 , 0 , 0
Kenosha City Ward 38 , 1 , 0 , 0
Kenosha City Ward 39 , 15 , 23 , 0
Kenosha City Ward 40 , 23 , 12 , 0
Kenosha City Ward 41 , 0 , 2 , 0
Kenosha City Ward 42 , 1 , 0 , 0
Kenosha City Ward 43 , 2 , 9 , 0
Kenosha City Ward 44 , 0 , 3 , 0
Kenosha City Ward 45 , 0 , 0 , 0
Kenosha City Ward 46 , 1 , 0 , 0
Kenosha City Ward 47 , 0 , 0 , 0
Kenosha City Ward 48 , 0 , 0 , 0
Kenosha City Ward 49 , 0 , 0 , 0
Burlington Town Wards 1 - 8 , 783 ," 1,338 ", 1
Burlington Town Wards 9 - 12 , 586 , 821 , 2
Burlington City Wards 1 - 8 ," 1,026 "," 1,353 ", 1
Burlington City Wards 9 - 16 ," 1,097 "," 1,737 ", 1
.,"","","","",""
 trW ,h ,c e ,us,"",ingrte
e bo,irc ,nie,ire b ,"",cat
Burlington City Ward 17 , 0 , 0 , 0
"","","","","","",g
"","","","","",k,ni
ie lu ,"",a s as ,re g ,"",an w ,carett
Adams Town Wards 1 & 2 , 433 , 208 , 0
Big Flats Town , 356 , 138 , 1
Colburn Town , 80 , 33 , 0
Easton Town Wards 1 & 2 , 314 , 167 , 0
Jackson Town , 288 , 245 , 0
Leola Town , 89 , 57 , 0
Lincoln Town , 120 , 58 , 0
Monroe Town , 185 , 83 , 0
New Chester Town Wards 1 & 2 , 300 , 122 , 0
Preston Town Wards 1 - 3 , 459 , 229 , 0
Quincy Town Wards 1 & 2 , 474 , 199 , 0
Richfield Town , 49 , 30 , 0
Rome Town Wards 1 - 5 ," 1,084 ", 737 , 0
Springville Town Wards 1 & 2 , 347 , 255 , 0
Strongs Prairie Town Wards 1 & 2 , 415 , 212 , 0
Friendship Village , 201 , 95 , 0
Adams City Wards 1 - 5 , 561 , 237 , 0
"Marshfield City Wards 21, 22 & 26 ", 130 , 84 , 0
"","","","","",g
"","","","","",iren
ile ,a ss ,g,kn ,"",tt
u ,a ,re ,aw ,"",ac
Springfield Town , 214 , 204 , 0
Westfield Village Wards 1 & 2 , 250 , 265 , 0
Almond Town , 250 , 128 , 1
Amherst Town Wards 1 & 2 , 552 , 263 , 0
Belmont Town , 221 , 128 , 0
Buena Vista Town Wards 1 & 2 , 429 , 206 , 0
Carson Town Wards 1 & 2 , 557 , 214 , 0
Dewey Town , 399 , 155 , 0
Eau Pleine Town , 334 , 144 , 0
Grant Town Wards 1 & 2 , 512 , 232 , 2
Grant Town Ward 3 , 233 , 112 , 0
Hull Town Wards 1 - 8 ," 2,227 ", 941 , 4
Lanark Town Wards 1 & 2 , 504 , 291 , 1
Linwood Town Wards 1 & 2 , 483 , 185 , 0
New Hope Town , 349 , 123 , 1
Pine Grove Town Wards 1 & 2 , 285 , 124 , 0
Plover Town Wards 1 & 4 , 388 , 190 , 0
Plover Town Wards 2 & 3 , 506 , 243 , 1
Sharon Town Wards 1 - 3 , 905 , 270 , 0
Stockton Town Wards 1 - 4 ," 1,116 ", 464 , 1
Almond Village , 146 , 73 , 0
Amherst Village , 376 , 160 , 0
"","","","","",g
"","","","","",iren
ile ,a ss ,g,kn ,"",tt
u ,a ,re ,aw ,"",ac
Amherst Junction Village , 128 , 56 , 0
Junction City Village , 158 , 47 , 0
Milladore Village Ward 2 , 2 , 1 , 0
Nelsonville Village , 75 , 22 , 0
Park Ridge Village , 228 , 108 , 0
Plover Village Wards 1 - 9 ," 3,735 "," 1,718 ", 2
Whiting Village Wards 1 - 4 , 684 , 233 , 0
Stevens Point City Wards 1 & 2 , 937 , 280 , 2
Stevens Point City Wards 3 & 4 , 931 , 426 , 3
Stevens Point City Wards 5 & 6 , 958 , 467 , 2
Stevens Point City Wards 7 & 8 , 812 , 269 , 0
Stevens Point City Wards 9 & 10 , 837 , 237 , 3
Stevens Point City Wards 11 & 12 , 885 , 411 , 1
Stevens Point City Wards 13 & 14 , 993 , 364 , 1
Stevens Point City Wards 15 & 16 , 993 , 390 , 1
Stevens Point City Wards 17 & 18 , 848 , 252 , 0
Stevens Point City Wards 19 & 20 , 768 , 256 , 0
Stevens Point City Wards 21 & 22 , 882 , 420 , 0
Deerfield Town Wards 1 & 2 , 217 , 190 , 0
Hancock Town , 157 , 135 , 0
Oasis Town , 133 , 89 , 0
Plainfield Town , 169 , 86 , 0
"","","","","","","",g
"","","","","","",kn ,irnte
ielu,"",s aas,"",reg ,"",a w,act
Rose Town , 190 , 114 , 0
Hancock Village , 132 , 57 , 0
Plainfield Village Wards 1 & 2 , 271 , 121 , 0
Arpin Town Wards 1 - 3 , 288 , 138 , 0
Auburndale Town , 249 , 152 , 0
Cameron Town , 152 , 126 , 0
Cary Town , 146 , 98 , 0
Cranmoor Town , 57 , 38 , 0
Dexter Town , 144 , 61 , 0
Grand Rapids Town Wards 1 - 13 ," 2,956 "," 1,561 ", 0
Hansen Town , 251 , 155 , 0
Hiles Town , 61 , 36 , 0
Marshfield Town , 266 , 155 , 0
Milladore Town , 269 , 72 , 0
Port Edwards Town Wards 1 - 3 , 477 , 207 , 0
Remington Town , 105 , 72 , 0
Richfield Town Wards 1 & 2 , 452 , 247 , 0
Rock Town , 273 , 179 , 0
Rudolph Town Wards 1 & 2 , 468 , 192 , 0
Saratoga Town Wards 1 - 6 ," 1,879 ", 887 , 1
Seneca Town Wards 1 - 3 , 438 , 189 , 0
Sherry Town , 293 , 119 , 0
"","","","","",g
"","","","","",iren
ile ,a ss ,g,kn ,"",tt
u ,a ,re ,aw ,"",ac
Sigel Town Wards 1 - 4 , 452 , 188 , 0
Wood Town , 301 , 164 , 0
Arpin Village , 101 , 41 , 0
Auburndale Village , 235 , 126 , 0
Biron Village , 354 , 146 , 0
Hewitt Village , 267 , 146 , 0
Milladore Village Ward 1 , 100 , 39 , 0
Port Edwards Village Wards 1 - 3 , 629 , 394 , 0
Rudolph Village , 194 , 56 , 0
Vesper Village , 217 , 99 , 0
"Marshfield City Wards 1 - 4, 10, 11, 13, 14, 20, 23 & 24 "," 2,901 "," 1,852 ", 1
"Marshfield City Wards 5 - 7, 15 - 17 & 27 "," 1,748 "," 1,015 ", 1
"Marshfield City Wards 8, 9, 12, 18, 19 & 25 "," 1,181 ", 641 , 0
Nekoosa City Ward 1 , 223 , 90 , 0
Nekoosa City Ward 2 , 151 , 73 , 0
Nekoosa City Wards 3 & 5 , 246 , 126 , 1
Nekoosa City Wards 4 & 6 , 214 , 84 , 0
Pittsville City Wards 1 - 3 , 286 , 142 , 1
Wisconsin Rapids City Wards 1 - 3 , 801 , 310 , 1
Wisconsin Rapids City Wards 4 - 6 , 841 , 361 , 0
Wisconsin Rapids City Wards 7 - 9 , 791 , 433 , 0
Wisconsin Rapids City Wards 10 - 12 , 918 , 367 , 1
Wisconsin Rapids City Wards 13 - 15 , 842 , 414 , 0
Wisconsin Rapids City Wards 16 - 20 , 906 , 462 , 0
Wisconsin Rapids City Wards 21 - 23 , 892 , 420 , 1
"","","","","","","","","","",irng
lu i e ,"","",sa sa ,re g ,"",a knw ,"","","",acett
"","","","","","","","","","",g
redttre. A,"","",isre s,"",y no,"",lutzch,"","",inac
Madison Town Ward 1 , 239 , 68 , 0
Madison Town Wards 2 - 4 & 6 , 567 , 143 , 3
"Madison Town Wards 5, 7 - 11 "," 1,068 ", 274 , 2
Maple Bluff Village Wards 1 & 2 , 626 , 117 , 0
Shorewood Hills Village Wards 1 & 2 ," 1,018 ", 120 , 1
Fitchburg City Wards 1 - 3 ," 1,750 ", 382 , 4
Fitchburg City Wards 4 & 6 ," 1,228 ", 247 , 2
Fitchburg City Ward 13 , 0 , 0 , 0
Madison City Ward 14 , 830 , 202 , 1
Madison City Ward 15 , 468 , 101 , 1
Madison City Ward 21 , 254 , 59 , 2
Madison City Ward 31 , 667 , 168 , 0
Madison City Ward 32 ," 1,276 ", 384 , 4
Madison City Ward 34 ," 2,029 ", 620 , 1
Madison City Ward 35 ," 1,071 ", 463 , 2
Madison City Ward 36 , 268 , 96 , 1
Madison City Ward 37 ," 1,162 ", 326 , 6
Madison City Ward 38 , 882 , 333 , 3
Madison City Ward 39 ," 1,390 ", 619 , 5
Madison City Ward 40 ," 1,096 ", 426 , 2
Madison City Ward 41 , 872 , 306 , 9
Madison City Ward 42 ," 1,476 ", 396 , 17
Madison City Ward 43 ," 1,091 ", 227 , 0
Madison City Ward 44 ," 1,789 ", 598 , 15
Madison City Ward 45 ," 1,407 ", 463 , 12
Madison City Ward 46 ," 1,156 ", 324 , 9
Madison City Ward 47 , 860 , 306 , 4
Madison City Ward 48 ," 1,154 ", 321 , 6
"","","","","","","","","","",g
redttre. A,"","",isre s,"",y no,"",lutzch,"","",inac
Madison City Ward 49 , 584 , 167 , 2
Madison City Ward 50 ," 1,584 ", 477 , 10
Madison City Ward 51 , 712 , 233 , 4
Madison City Ward 52 ," 1,234 ", 297 , 2
Madison City Ward 53 , 440 , 63 , 0
Madison City Ward 54 , 776 , 124 , 2
Madison City Ward 57 , 375 , 61 , 1
Madison City Ward 58 , 417 , 72 , 1
Madison City Ward 59 , 796 , 157 , 0
Madison City Ward 60 , 294 , 91 , 2
Madison City Ward 61 ," 1,474 ", 476 , 11
Madison City Ward 62 , 612 , 231 , 2
Madison City Ward 63 , 328 , 94 , 0
Madison City Ward 64 ," 1,244 ", 272 , 5
Madison City Ward 65 ," 1,166 ", 213 , 5
Madison City Ward 66 ," 1,243 ", 236 , 4
Madison City Ward 67 ," 1,819 ", 303 , 0
Madison City Ward 68 , 625 , 101 , 0
Madison City Ward 69 ," 1,149 ", 206 , 4
Madison City Ward 70 ," 1,348 ", 249 , 2
Madison City Ward 71 , 670 , 165 , 0
Madison City Ward 72 ," 1,120 ", 185 , 2
Madison City Ward 73 ," 1,096 ", 163 , 4
Madison City Ward 74 ," 1,339 ", 229 , 4
Madison City Ward 75 ," 1,717 ", 290 , 3
Madison City Ward 76 , 797 , 123 , 0
Madison City Ward 77 , 463 , 47 , 0
Madison City Ward 78 ," 1,039 ", 161 , 2
"","","","","","","","","","",g
redttre. A,"","",isre s,"",y no,"",lutzch,"","",inac
Madison City Ward 79 , 684 , 98 , 1
Madison City Ward 80 , 490 , 116 , 8
Madison City Ward 81 ," 1,169 ", 204 , 3
Madison City Ward 84 , 851 , 138 , 1
Madison City Ward 85 ," 1,034 ", 203 , 3
Madison City Ward 86 ," 1,399 ", 269 , 3
Madison City Ward 87 ," 1,259 ", 206 , 2
Madison City Ward 88 , 381 , 53 , 0
Madison City Ward 89 , 486 , 100 , 0
Madison City Ward 90 , 731 , 137 , 1
Madison City Ward 91 ," 1,129 ", 205 , 7
Madison City Ward 92 ," 1,319 ", 272 , 0
Madison City Ward 93 ," 1,494 ", 241 , 1
Madison City Ward 94 , 535 , 107 , 0
Madison City Ward 95 , 492 , 116 , 0
Madison City Ward 96 ," 1,362 ", 238 , 4
Madison City Ward 97 , 295 , 52 , 0
Madison City Ward 106 , 0 , 0 , 0
Madison City Ward 116 , 0 , 0 , 0
Madison City Ward 117 , 0 , 0 , 0
Madison City Ward 130 , 0 , 0 , 0
Middleton City Wards 2 - 4 ," 2,480 ", 477 , 7
"","","","","","",ing
ar y ,"","",za ich ,"","",acrtte
Waterford Town Wards 1 - 10 ," 2,579 ", 13
Mukwonago Village Ward 10 , 0 , 0
"","","","","",irng
a ry ,"",za h ic,"","",catte
Waterford Village Wards 1 - 7 ," 1,932 ", 7
Mukwonago Town Ward 3 , 365 , 1
"Vernon Town Wards 1, 6 - 10 "," 2,184 ", 3
Vernon Town Wards 2 - 5 ," 1,437 ", 4
Waukesha Town Ward 6 , 382 , 1
Waukesha Town Wards 9 & 10 , 756 , 4
Waukesha Town Wards 11 & 12 , 719 , 1
Big Bend Village Wards 1 - 3 , 551 , 1
Mukwonago Village Wards 1 - 8 ," 2,638 ", 20
Muskego City Wards 1 - 3 ," 1,415 ", 8
Muskego City Wards 4 - 6 ," 1,525 ", 12
Muskego City Wards 7 - 9 ," 1,485 ", 5
Muskego City Wards 10 & 11 ," 1,288 ", 8
Muskego City Wards 12 & 13 ," 1,571 ", 12
"","","","","","",ing
ar y ,"","",za ich ,"","",acrtte
Muskego City Wards 14 & 15 ," 1,570 ", 5
Muskego City Wards 16 & 17 ," 1,601 ", 8
New Berlin City Ward 1 , 679 , 1
New Berlin City Ward 2 , 965 , 2
New Berlin City Ward 3 , 866 , 4
New Berlin City Ward 4 , 373 , 0
New Berlin City Ward 5 ," 1,013 ", 3
New Berlin City Ward 6 , 533 , 4
New Berlin City Ward 7 , 508 , 1
New Berlin City Ward 8 , 356 , 4
New Berlin City Ward 9 , 721 , 4
New Berlin City Ward 10 , 805 , 3
New Berlin City Ward 11 , 453 , 1
New Berlin City Ward 12 , 454 , 2
New Berlin City Ward 13 , 730 , 2
New Berlin City Ward 14 , 945 , 5
New Berlin City Ward 15 , 785 , 6
New Berlin City Ward 16 , 562 , 3
New Berlin City Ward 17 , 609 , 3
New Berlin City Ward 18 , 854 , 8
New Berlin City Ward 19 , 811 , 4
New Berlin City Ward 20 , 857 , 9
New Berlin City Ward 21 , 774 , 6
New Berlin City Ward 22 , 929 , 1
New Berlin City Ward 23 , 829 , 0
New Berlin City Ward 24 , 830 , 7
New Berlin City Ward 25 , 526 , 0
New Berlin City Ward 26 , 578 , 3
"","","","","",g
"","","","","",i
a ry,"",za ic h ,"","",acenrtt
New Berlin City Ward 27 , 33 , 0
New Berlin City Ward 28 , 7 , 0
Waukesha City Ward 25 , 912 , 4
Waukesha City Ward 26 , 967 , 6
Waukesha City Ward 42 , 0 , 0
Waukesha City Ward 46 , 18 , 0
Waukesha City Ward 48 , 2 , 0
"","","","","","","","","","","","",g
vae ,"",anen s ,"","",ary ,"",rz w i cke ie,"","","","",tteirnca
Pittsfield Town Wards 1 - 4 , 618 , 862 , 0
Scott Town Ward 5 , 32 , 38 , 0
Howard Village Wards 1 - 8 ," 1,840 "," 1,804 ", 4
Howard Village Wards 9 - 16 ," 2,248 "," 2,516 ", 2
Pulaski Village Wards 1 - 3 & 6 , 524 , 746 , 1
Suamico Village Wards 1 - 3 & 10 , 933 ," 1,214 ", 1
Suamico Village Ward 7 , 274 , 461 , 0
"Suamico Village Wards 4 - 6, 8 & 9 "," 1,260 "," 1,579 ", 2
Green Bay City Ward 1 , 574 , 555 , 1
Green Bay City Ward 2 , 603 , 492 , 0
Green Bay City Ward 3 , 573 , 630 , 4
Green Bay City Ward 4 , 603 , 443 , 0
Green Bay City Ward 5 , 719 , 617 , 2
Green Bay City Ward 6 , 498 , 325 , 0
Green Bay City Ward 7 , 747 , 739 , 1
Green Bay City Ward 8 , 681 , 640 , 2
Green Bay City Ward 9 , 466 , 504 , 0
Green Bay City Ward 10 , 556 , 579 , 3
Green Bay City Ward 11 , 484 , 400 , 1
Green Bay City Ward 12 , 400 , 269 , 0
Green Bay City Ward 13 , 499 , 265 , 0
Green Bay City Ward 14 , 691 , 389 , 0
Green Bay City Ward 15 , 722 , 409 , 1
Green Bay City Ward 16 , 606 , 344 , 1
Green Bay City Ward 17 , 478 , 247 , 3
Green Bay City Ward 18 , 421 , 170 , 2
Green Bay City Ward 19 , 420 , 175 , 1
Green Bay City Ward 20 , 481 , 279 , 1
"","","","","","","","","","","","",g
vae ,"",anen s ,"","",ary ,"",rz w i cke ie,"","","","",tteirnca
Green Bay City Ward 21 , 634 , 307 , 0
Green Bay City Ward 22 , 467 , 314 , 1
Green Bay City Ward 23 , 459 , 299 , 0
Green Bay City Ward 24 , 470 , 224 , 0
Green Bay City Ward 25 , 484 , 197 , 3
Green Bay City Ward 26 , 226 , 103 , 0
Green Bay City Ward 27 , 601 , 310 , 4
Green Bay City Ward 28 , 860 , 489 , 0
Green Bay City Ward 29 , 679 , 373 , 4
Green Bay City Ward 30 , 683 , 456 , 0
Green Bay City Ward 31 , 376 , 206 , 0
Green Bay City Ward 32 , 888 , 509 , 1
Green Bay City Ward 33 , 836 , 581 , 1
Green Bay City Ward 34 , 583 , 349 , 2
Green Bay City Ward 35 , 466 , 374 , 1
Green Bay City Ward 36 , 417 , 215 , 2
Green Bay City Ward 37 , 557 , 263 , 1
Green Bay City Ward 38 , 555 , 403 , 1
Green Bay City Ward 39 , 499 , 260 , 0
Green Bay City Ward 40 , 534 , 365 , 0
Green Bay City Ward 41 , 580 , 360 , 2
Green Bay City Ward 42 , 580 , 532 , 0
Green Bay City Ward 43 , 640 , 593 , 1
Green Bay City Ward 44 , 611 , 518 , 2
Green Bay City Ward 45 , 742 , 500 , 3
"","","","","","","","","","","","",g
vae ,"",anen s ,"","",ary ,"",rz w i cke ie,"","","","",tteirnca
Beaver Town Wards 1 - 3 , 262 , 374 , 0
Grover Town Wards 1 - 3 , 408 , 479 , 1
Peshtigo Town Wards 1 - 5 ," 1,174 "," 1,055 ", 1
Pound Town Wards 1 - 4 , 276 , 455 , 0
Coleman Village , 175 , 204 , 0
Pound Village , 56 , 116 , 0
Marinette City Ward 1 , 428 , 259 , 0
Marinette City Ward 2 , 388 , 283 , 0
Marinette City Ward 3 , 365 , 303 , 0
Marinette City Ward 4 , 463 , 278 , 0
Marinette City Ward 5 , 377 , 241 , 0
Marinette City Ward 6 , 367 , 184 , 0
Marinette City Ward 7 , 427 , 276 , 0
Marinette City Ward 8 , 407 , 266 , 0
Peshtigo City Wards 1 - 3 & 8 , 355 , 340 , 0
Peshtigo City Wards 4 - 6 , 270 , 260 , 0
Peshtigo City Ward 7 , 79 , 76 , 0
Chase Town Wards 1 - 4 , 569 , 769 , 1
Lena Town Wards 1 & 2 , 182 , 211 , 1
Little River Town Wards 1 & 2 , 295 , 240 , 0
Little Suamico Town Wards 1 - 7 , 932 ," 1,224 ", 4
Oconto Town Wards 1 - 3 , 379 , 354 , 3
Pensaukee Town Wards 1 - 3 , 374 , 331 , 1
Stiles Town Wards 1 - 3 , 380 , 386 , 1
Lena Village , 126 , 138 , 0
Pulaski Village Ward 5 , 0 , 0 , 0
Oconto City Wards 1 - 8 ," 1,312 ", 835 , 6
Pulaski Village Ward 4 , 21 , 38 , 0
"","","","","","",ek ,girn
r ad ,"",fa ff ,"",a n ,"",a n ap,actte
Bridgeport Town , 175 , 314 , 0
Clayton Town Wards 1 - 3 , 244 , 236 , 0
Eastman Town Wards 1 & 2 , 124 , 262 , 0
Freeman Town , 193 , 220 , 0
Haney Town , 79 , 82 , 0
Marietta Town , 116 , 156 , 0
Prairie du Chien Town , 204 , 262 , 0
Scott Town , 139 , 106 , 0
Seneca Town , 171 , 271 , 0
Utica Town , 199 , 174 , 0
Wauzeka Town Wards 1 & 2 , 57 , 128 , 0
Bell Center Village , 37 , 26 , 0
De Soto Village Ward 2 , 33 , 13 , 0
Eastman Village , 63 , 131 , 0
Ferryville Village , 71 , 48 , 0
Gays Mills Village , 184 , 134 , 0
Lynxville Village , 45 , 41 , 0
Mount Sterling Village , 47 , 55 , 0
Soldiers Grove Village , 154 , 150 , 0
Steuben Village , 30 , 29 , 0
Wauzeka Village , 141 , 157 , 0
Prairie du Chien City Ward 1 , 193 , 270 , 0
Prairie du Chien City Wards 2 & 3 , 139 , 213 , 0
Prairie du Chien City Wards 4 & 5 , 185 , 254 , 0
Prairie du Chien City Ward 6 , 210 , 246 , 0
Prairie du Chien City Wards 7 & 8 , 206 , 316 , 0
Prairie du Chien City Ward 9 , 234 , 268 , 0
"","","","","","","",ign
ratted ,faff ,"",an,ape kna,"","",rac
Bangor Town , 101 , 223 , 0
Barre Town Wards 1 & 2 , 215 , 396 , 0
Burns Town , 197 , 358 , 3
Campbell Town Wards 1 - 6 ," 1,197 "," 1,295 ", 1
Campbell Town Ward 7 , 25 , 18 , 0
Farmington Town Wards 1 - 3 , 569 , 440 , 0
Greenfield Town Wards 1 - 3 , 422 , 633 , 1
Hamilton Town Wards 1 - 3 , 496 , 809 , 2
Holland Town Wards 1 - 4 , 723 ," 1,058 ", 5
Medary Town Wards 1 & 2 , 354 , 504 , 0
Onalaska Town Wards 1 - 7 ," 1,370 "," 1,846 ", 6
"Shelby Town Wards 1, 4 - 6 ", 888 ," 1,057 ", 2
Shelby Town Wards 2 & 3 , 465 , 640 , 0
Washington Town , 125 , 198 , 0
Bangor Village Wards 1 & 2 , 314 , 414 , 1
Holmen Village Wards 1 - 10 ," 1,554 "," 1,915 ", 5
Rockland Village , 120 , 162 , 0
West Salem Village Wards 1 - 6 , 906 ," 1,316 ", 4
La Crosse City Ward 1 , 894 , 793 , 6
La Crosse City Ward 2 , 845 , 624 , 2
La Crosse City Ward 3 , 704 , 496 , 5
La Crosse City Ward 4 , 881 , 605 , 3
La Crosse City Ward 5 ," 1,231 ", 904 , 11
La Crosse City Ward 6 ," 1,257 ", 820 , 14
"","","","","","",ek ,girn
r ad ,"",fa ff ,"",a n ,"",a n ap,actte
La Crosse City Ward 7 ," 1,017 ", 576 , 7
La Crosse City Ward 8 ," 1,103 ", 897 , 5
La Crosse City Ward 9 , 996 , 918 , 4
La Crosse City Ward 10 , 992 , 778 , 5
La Crosse City Ward 11 , 848 , 517 , 5
La Crosse City Ward 12 , 841 , 562 , 1
La Crosse City Ward 13 , 827 , 547 , 2
La Crosse City Ward 14 ," 1,034 ", 792 , 5
La Crosse City Ward 15 , 855 , 806 , 4
La Crosse City Ward 16 , 834 , 786 , 2
La Crosse City Ward 17 , 999 , 906 , 4
La Crosse City Ward 18 , 0 , 4 , 0
La Crosse City Ward 19 , 1 , 4 , 0
La Crosse City Ward 20 , 0 , 0 , 0
La Crosse City Ward 21 , 0 , 0 , 0
Onalaska City Wards 1 - 4 ," 1,358 "," 2,151 ", 7
Onalaska City Wards 5 - 8 & 13 ," 1,180 "," 1,426 ", 5
Onalaska City Wards 9 - 12 ," 1,303 "," 1,717 ", 8
"","","","","",e ,grni
rad ,"",faff ,"",an ,aknp a,tetca
Sheldon Town , 70 , 134 , 0
Wellington Town Wards 1 & 2 , 109 , 157 , 0
Wells Town , 90 , 169 , 0
Wilton Town Wards 1 - 3 , 93 , 158 , 0
Cashton Village Wards 1 & 2 , 203 , 288 , 1
Melvina Village , 14 , 31 , 0
Norwalk Village , 94 , 125 , 0
Wilton Village , 93 , 142 , 0
Akan Town , 89 , 126 , 0
Bloom Town , 98 , 160 , 0
Forest Town , 83 , 102 , 1
Henrietta Town , 116 , 136 , 0
Sylvan Town Wards 1 - 4 , 91 , 132 , 0
Viola Village Ward 2 , 108 , 109 , 0
Yuba Village , 14 , 24 , 0
Bergen Town Wards 1 - 3 , 342 , 456 , 0
Christiana Town Wards 1 & 2 , 197 , 299 , 0
"","","","","","",ek ,girn
r ad ,"",fa ff ,"",a n ,"",a n ap,actte
Clinton Town Wards 1 & 2 , 123 , 140 , 0
Coon Town Wards 1 & 2 , 168 , 225 , 0
Forest Town , 108 , 165 , 0
Franklin Town , 176 , 362 , 0
Genoa Town Wards 1 & 2 , 205 , 196 , 0
Greenwood Town , 93 , 131 , 0
Hamburg Town Wards 1 & 2 , 198 , 327 , 0
Harmony Town , 163 , 193 , 0
Hillsboro Town Wards 1 & 2 , 138 , 225 , 0
Jefferson Town Wards 1 - 4 , 249 , 349 , 0
Kickapoo Town , 143 , 134 , 0
Liberty Town , 62 , 73 , 0
Stark Town Wards 1 & 2 , 122 , 76 , 0
Sterling Town , 89 , 232 , 0
Union Town Wards 1 & 2 , 91 , 119 , 0
Viroqua Town Wards 1 - 4 , 376 , 540 , 1
Webster Town , 163 , 158 , 0
Wheatland Town , 101 , 103 , 0
Whitestown Town , 89 , 136 , 0
Chaseburg Village , 55 , 100 , 0
Coon Valley Village , 177 , 271 , 0
De Soto Village Ward 1 , 59 , 64 , 0
Genoa Village , 76 , 81 , 0
La Farge Village , 210 , 151 , 0
Ontario Village , 92 , 114 , 0
Readstown Village , 80 , 135 , 0
Stoddard Village , 218 , 221 , 0
Viola Village Ward 1 , 39 , 66 , 0
"","","","","","",ke ,"",irng
r ad ,"",fa ff ,"",a n,"",a anp,"",catte
Hillsboro City Wards 1 - 4 , 277 , 355 , 1
Viroqua City Wards 1 - 9 ," 1,106 "," 1,263 ", 0
Westby City Wards 1 - 5 , 569 , 577 , 0
